{
  "n_samples": 10000,
  "n_local_lqr_success": 10000,
  "nominal_gain_cont_stable_fraction": 0.0491,
  "nominal_gain_disc_stable_fraction": 0.0444,
  "nominal_gain_cont_max_real_mean": 6.626731480708219,
  "nominal_gain_cont_max_real_worst": 2982.006034083991,
  "nominal_gain_disc_rho_mean": 1.0770126539049414,
  "nominal_gain_disc_rho_worst": 45.86255023492326,
  "Kc_local_mean": [
    [
      0.012521329165539585,
      0.01380315803438098,
      0.08734580329552945,
      -0.003872936295366634,
      -31.948822364438023,
      0.22045676990871207,
      0.007612520336656445,
      0.011058110025807416,
      0.07117647745800658,
      4.316570977337951e-06,
      -0.8402650054039686,
      0.9342614807982689
    ],
    [
      0.0033638636105019055,
      -0.00751085131749387,
      0.0848963822921764,
      6.7079985613976865,
      1.9813787980219026,
      -0.19802362775084612,
      -0.0016955865563949022,
      -0.007729471214399715,
      0.04607650614297617,
      0.6286368941884676,
      0.0010926588942961643,
      -0.9225753340049472
    ],
    [
      0.01881388369217816,
      -0.009672464622838965,
      0.10034969081043195,
      0.006200414730233513,
      27.994904930036085,
      0.18904140232262165,
      0.012706050631449518,
      -0.00928382265290068,
      0.05378014502999836,
      0.00015545762665700888,
      0.8382308286710555,
      0.9125912715211116
    ],
    [
      0.022834053612949524,
      0.017040955414242213,
      0.06945941974992303,
      -6.710326039832571,
      1.972538636379936,
      -0.21147454448048647,
      0.015316422702517062,
      0.014013834005055808,
      0.03074657947009041,
      -0.628796668386099,
      0.0009415178386164895,
      -0.9242774183144322
    ]
  ],
  "Kc_local_std": [
    [
      1.4296284961159431,
      1.4326933605112435,
      1.7195337210250214,
      2.178955471020129,
      2225.854373174041,
      4.928593805277405,
      1.1225499230324019,
      1.123413869898955,
      2.381380291585063,
      0.02711617789568992,
      1.2667381184466118,
      1.051417344562077
    ],
    [
      1.7158719665518638,
      1.718963066642554,
      1.4302990109580582,
      0.5981471169091758,
      137.96078254699458,
      4.605348461325942,
      1.3410313860098517,
      1.3476095603291345,
      1.599278112318655,
      0.00915312933027912,
      0.0828902544339409,
      0.5516216363464327
    ],
    [
      1.4478663174817363,
      1.4266573334557138,
      1.7073494387155184,
      2.169829260608931,
      2006.8322051876519,
      4.910046718757261,
      1.1358696240934585,
      1.1178736550787465,
      2.18832685245828,
      0.026910506034077405,
      1.1890041450117308,
      0.9402310724926755
    ],
    [
      1.707215694840613,
      1.7194690088426494,
      1.4327159729376535,
      0.605595165551358,
      136.74749082519293,
      4.551777204776189,
      1.334258888436136,
      1.3447530517597672,
      1.600856887483317,
      0.009223957329606718,
      0.08234954702553174,
      0.5490863133281931
    ]
  ],
  "Kd_local_mean": [
    [
      0.012582123712360832,
      0.010901469302554086,
      0.08332954116560735,
      -0.039691022051914555,
      -7.071671258777175,
      0.20303427652574138,
      0.007800091351975309,
      0.008845590877719248,
      0.059130088448671174,
      -1.3278051480676376e-05,
      -0.6633268831153664,
      0.9211233936140376
    ],
    [
      0.005284287240124792,
      -0.004688965217677248,
      0.07964025011775513,
      5.275282567413197,
      6.066535314049768,
      -0.18666879170933698,
      0.00013648839883814996,
      -0.0053204720834026525,
      0.042063402276291746,
      0.52610803412221,
      -0.008174761820242732,
      -0.9165609334056318
    ],
    [
      0.017454230214954645,
      -0.006873714130929684,
      0.09743639351118973,
      -0.013893077141331077,
      -5.95158448062926,
      0.1815663125448314,
      0.011965265789362214,
      -0.007079396864238014,
      0.0655091509243364,
      0.00016850313558609692,
      0.6794511953188833,
      0.9138791816133717
    ],
    [
      0.019964517456377746,
      0.013788244089012181,
      0.06828026314159256,
      -5.2216984682194285,
      6.95672042719584,
      -0.19793179736123717,
      0.013269819232859421,
      0.011430633742520216,
      0.030512613543600492,
      -0.526263259206315,
      -0.007949550382480663,
      -0.9184416418218856
    ]
  ],
  "Kd_local_std": [
    [
      1.2343540594626967,
      1.2375456063291859,
      1.3575080921300766,
      2.4882573452517387,
      6091.891971046834,
      3.8295712506221307,
      0.9337309740887776,
      0.9355975019240028,
      1.5782101429219892,
      0.02593523412409165,
      3.2835465042105096,
      1.6299720393932906
    ],
    [
      1.4341658678623421,
      1.434562495661816,
      1.1966417229859447,
      1.8523542757041944,
      5594.095097039783,
      3.8189822782242935,
      1.1017273534066514,
      1.1058146770761492,
      1.31386040837118,
      0.009732752644654293,
      2.943351034323198,
      1.393200036593573
    ],
    [
      1.249418103058183,
      1.2327185752619356,
      1.3466852754213197,
      2.2095862200814333,
      5108.776166619272,
      3.814774394474655,
      0.9455495611661112,
      0.9309011306605449,
      1.5641355330373263,
      0.025672329645308644,
      2.7263578674674713,
      1.4328133604301307
    ],
    [
      1.426680725817242,
      1.4351745747107418,
      1.1985922058630867,
      1.8650214371427796,
      5580.681044796902,
      3.7704531213860046,
      1.0955505792405333,
      1.1033992157238124,
      1.3149281706217173,
      0.009815961575332583,
      2.9356300663454595,
      1.393354957277509
    ]
  ]
}