{
  "n_samples": 50000,
  "n_local_lqr_success": 50000,
  "nominal_gain_cont_stable_fraction": 0.04178,
  "nominal_gain_disc_stable_fraction": 0.03808,
  "nominal_gain_cont_max_real_mean": 5.314791988052736,
  "nominal_gain_cont_max_real_worst": 12785.596644667521,
  "nominal_gain_disc_rho_mean": 1.742985908338939,
  "nominal_gain_disc_rho_worst": 31531.46158081678,
  "Kc_local_mean": [
    [
      0.0003537522969794525,
      0.0006572264649025914,
      0.013632441383646863,
      0.0037491495877110263,
      -384.5186815150513,
      0.03700223892832265,
      0.0006603587234051894,
      0.001024310226292267,
      0.019623082978289904,
      1.726872666744299e-05,
      -0.4472656835820499,
      0.42598968388508046
    ],
    [
      -7.966782880843654e-05,
      0.0012248907836737634,
      0.014129063719592019,
      2.1483118217417014,
      50.856669755636425,
      -0.032996982719027075,
      -0.000181934849211671,
      0.002105805583528442,
      0.02587418078319873,
      0.3299356850634948,
      0.0009400889439663322,
      -0.4157908940060799
    ],
    [
      0.00034274262106193115,
      0.0017295299183387328,
      0.014898442739514366,
      0.00010881936041718156,
      282.76917701803023,
      0.03849212692386959,
      0.0005459227045745107,
      0.0030738716236315723,
      0.026113736277180527,
      -6.243038651796303e-05,
      0.4453058065809335,
      0.4051109941996968
    ],
    [
      0.0008654322181067071,
      0.0010503170349299277,
      0.013872160111730113,
      -2.1521697906897894,
      50.892834741391916,
      -0.04249738313315696,
      0.0015154691690192372,
      0.0017841763357627667,
      0.02525541013086267,
      -0.3298905234036391,
      0.0010197880571517362,
      -0.41530978407869024
    ]
  ],
  "Kc_local_std": [
    [
      0.2272313087732919,
      0.2278933320451048,
      0.27075392944187954,
      5.786919413680405,
      72241.36717511514,
      1.2311056662927438,
      0.40183992248346706,
      0.4030139490166083,
      0.8533634164556358,
      0.015558889537836459,
      3.088484152789616,
      3.868545317723698
    ],
    [
      0.2706033310097701,
      0.270304568129031,
      0.22655381700443133,
      1.3346274637741373,
      11825.306456432514,
      1.6065580184412585,
      0.47810667500624077,
      0.47752600169969717,
      0.585216240397841,
      0.008708748469551338,
      0.3091033294260167,
      0.7655257843472274
    ],
    [
      0.22823807381064462,
      0.2273735312734197,
      0.2707438061734498,
      4.420157817734694,
      48808.728968812706,
      1.2292346405639325,
      0.40354994533933486,
      0.40210190729581713,
      0.6478183869885525,
      0.015469747729246357,
      2.578869694664663,
      2.806469755777723
    ],
    [
      0.27027051872098534,
      0.2707310846398544,
      0.2264146523280509,
      1.303593167831767,
      11843.330269069042,
      1.6049652385274586,
      0.47745640772924586,
      0.4782428898656002,
      0.5861706392058714,
      0.008418379081538382,
      0.30984523664320934,
      0.756350869750244
    ]
  ],
  "Kd_local_mean": [
    [
      0.00034501156903199795,
      0.0006991695397570735,
      0.013460706928551718,
      -11.893078622469655,
      -1798940.756346813,
      0.03591694686632655,
      0.0006400116565452603,
      0.0011107917510323523,
      0.022223576991868367,
      4.090977410663978e-05,
      2.393056768584529,
      -1.8395302331912546
    ],
    [
      -1.9179039727950154e-05,
      0.00119671039876139,
      0.013894180528401719,
      12.436653882835964,
      1596539.8146996927,
      -0.032470988232884905,
      -7.631295305205307e-05,
      0.0020696316102551226,
      0.024814386819359362,
      0.3030854285132604,
      -2.4295976807132553,
      1.5839446878949468
    ],
    [
      0.0003380716125935908,
      0.001644254280180817,
      0.01446099806307683,
      -9.125346995502234,
      -1395533.5423457662,
      0.03750526229454934,
      0.0005497198172326516,
      0.00293646156364529,
      0.024315368080067356,
      -1.8613333655976572e-05,
      2.468085155679826,
      -1.329550175660573
    ],
    [
      0.000791468027791483,
      0.00103726521404665,
      0.013690769569557138,
      8.581736767515862,
      1597927.8555940252,
      -0.040951220933153,
      0.0013949470872337587,
      0.0017723626160352885,
      0.024313596181156954,
      -0.303107724947021,
      -2.4315354182820363,
      1.5851302996816652
    ]
  ],
  "Kd_local_std": [
    [
      0.20983065794892625,
      0.21048890385177912,
      0.23976165487905401,
      2666.802692877321,
      402037994.58420813,
      1.1021645360976668,
      0.3727848596825009,
      0.37396606335461857,
      0.5233298409146174,
      0.014626916035736104,
      622.6547585208135,
      504.72274898602785
    ],
    [
      0.2454696524653281,
      0.24517757501450085,
      0.20498899031454473,
      2368.664175712112,
      356755476.18140954,
      1.4568676059840258,
      0.43661237591640184,
      0.43603688390197254,
      0.44451212919870947,
      0.009477527955857717,
      549.5189651231115,
      450.6916571135608
    ],
    [
      0.21073957211748112,
      0.21004073910854132,
      0.2397508998046583,
      2072.568495923952,
      311784085.1529232,
      1.1004035041250881,
      0.37434636079153494,
      0.37316956920495037,
      0.52287214391917,
      0.014548110689731992,
      476.92808787360025,
      397.0149797213055
    ],
    [
      0.24515525741064473,
      0.24556771895919885,
      0.204864746001615,
      2370.678061551909,
      357065117.4073674,
      1.4551367690957477,
      0.4359933187907237,
      0.43670049460347193,
      0.4442921004870879,
      0.009367327810361262,
      550.0539459217912,
      451.0293567191375
    ]
  ],
  "Uff_local_mean": [
    0.06495657231442593,
    0.06478549067074998,
    0.06481514277939619,
    0.06498622442307252
  ],
  "Uff_local_std": [
    0.4590197951653196,
    0.45890808537152317,
    0.4591012443374675,
    0.4591783840696313
  ]
}